{"Wins": 8, "Losses": 12, "Draws": 0, "Winrate": 0.4, "Overall Winrate": 0.39090909090909093, "Overall Drawrate": 0.0, "Time": 11191.430129743, "Selfplaytime Iteration": 182.83850862500003, "Trainingtime Iteration": 544.5170781180004, "Tournamenttime Iteration": 98.69368018299974, "Selfplaytime Iteration %": 2.036116322296735, "Traingtime Iteration %": 6.0638216689861535, "Tournamenttime Iteration %": 1.0990672295423813, "Selfplaytime": 3047.382954980998, "Selfplaytime %": 27.229611583617853, "Trainingtime": 6429.627761656004, "Trainingtime %": 57.451350605927026, "Tournamenttime": 1714.396457105997, "Tournamenttime %": 15.31883268921741, "Generation": 15, "loss": 0.7538407555380231, "pi_loss": 0.4914425015449524, "v_loss": 0.2624076008796692, "_runtime": 11193, "_timestamp": 1614308431, "_step": 21}