{"Generation": 2, "Trainingtime": 83.8263632, "v_loss": 0.2740297317504883, "Tournamenttime %": 29.380870179053815, "Trainingtime Iteration": 54.88273179999999, "Tournamenttime Iteration %": 28.062768471683285, "Trainingtime %": 15.279817548095776, "Time": 548.6084041, "Selfplaytime": 303.59295870000005, "_runtime": 554.9085538387299, "_step": 1, "_timestamp": 1613363045.5458152, "pi_loss": 0.9636406302452087, "Winrate": 0.15, "Wins": 3, "Tournamenttime": 161.18592299999995, "Overall Drawrate": 0.0, "Selfplaytime Iteration %": 51.30355885080957, "Tournamenttime Iteration": 78.83121509999995, "Selfplaytime %": 55.33873641583174, "Selfplaytime Iteration": 144.11699570000002, "loss": 1.237524275966935, "Draws": 0, "Losses": 17, "Traingtime Iteration %": 19.537455989269535, "Overall Winrate": 0.175}
