{"Wins": 6, "Losses": 4, "Draws": 0, "Winrate": 0.6, "Overall Winrate": 0.6666666666666666, "Overall Drawrate": 0.0, "Time": 449.8234634719993, "Selfplaytime Iteration": 36.96287700800167, "Trainingtime Iteration": 10.393809168002917, "Tournamenttime Iteration": 42.729926494997926, "Selfplaytime Iteration %": 0.0725965005852891, "Traingtime Iteration %": 0.020413837731975307, "Tournamenttime Iteration %": 0.08392320579190715, "Selfplaytime": 194.44233061700652, "Selfplaytime %": 43.22636465341035, "Trainingtime": 33.80581627900392, "Trainingtime %": 7.5153519156317365, "Tournamenttime": 221.5724676649843, "Tournamenttime %": 49.25765009116222, "Generation": 1, "loss": 1.8962590980529785, "pi_loss": 1.8986430168151855, "v_loss": 0.5816231369972229, "_runtime": 451, "_timestamp": 1614345130, "_step": 5}