{"pi_loss": 0.610228419303894, "Trainingtime %": 45.88935256768774, "Wins": 6, "v_loss": 0.2636539041996002, "Selfplaytime": 3409.894005, "_timestamp": 1612281949.6177993, "Losses": 14, "_step": 16, "loss": 0.8739187450993318, "Tournamenttime Iteration %": 2.900300692297224, "Time": 9811.2092302, "Selfplaytime Iteration": 274.7499583000008, "Selfplaytime %": 34.75508395544114, "Selfplaytime Iteration %": 5.2506064448832275, "_runtime": 9819.454306602478, "Traingtime Iteration %": 9.973819548682426, "Tournamenttime Iteration": 151.76484899999923, "Tournamenttime %": 19.354935946680346, "Winrate": 0.3, "Trainingtime": 4502.3003948000005, "Trainingtime Iteration": 521.9028570999999, "Generation": 9, "Overall Drawrate": 0.0, "Overall Winrate": 0.4264705882352941, "Tournamenttime": 1898.9532620999998, "Draws": 0}
