{"Wins": 2, "Selfplaytime Iteration %": 53.653422892593355, "Selfplaytime %": 0.5365342210229997, "Tournamenttime Iteration %": 28.339556574089634, "Trainingtime Iteration": 6.112523500000002, "Generation": 0, "Trainingtime": 6.112523500000002, "Tournamenttime Iteration": 9.619935000000002, "Overall Winrate": 1.0, "_runtime": 40.09250736236572, "_timestamp": 1612265736.8279884, "Losses": 0, "Tournamenttime": 9.619935000000002, "Trainingtime %": 0.1800700347633845, "Selfplaytime": 18.2127917, "Draws": 0, "Time": 33.945256400000005, "Winrate": 1.0, "Traingtime Iteration %": 18.007003741574387, "Tournamenttime %": 0.28339556156659346, "_step": 0, "Overall Drawrate": 0.0, "Selfplaytime Iteration": 18.2127917}
