{"Tournamenttime Iteration": 17.391270800000004, "Trainingtime Iteration": 5.7695528, "_runtime": 47.27989602088928, "Traingtime Iteration %": 14.022628141611113, "Winrate": 1.0, "Trainingtime": 5.7695528, "_step": 0, "Generation": 0, "Selfplaytime Iteration %": 43.70868654866836, "Tournamenttime %": 0.42268669586937196, "Overall Drawrate": 0.0, "Draws": 0, "Tournamenttime": 17.391270800000004, "Overall Winrate": 1.0, "Losses": 0, "Time": 41.14459, "Selfplaytime": 17.9837597, "Selfplaytime Iteration": 17.9837597, "_timestamp": 1612184458.6538281, "Wins": 2, "Selfplaytime %": 0.4370868612374069, "Trainingtime %": 0.14022628005285748, "Tournamenttime Iteration %": 42.268669997865295}
