{"Wins": 7, "Losses": 3, "Draws": 0, "Winrate": 0.7, "Overall Winrate": 0.6666666666666666, "Overall Drawrate": 0.0, "Time": 200.3867332489972, "Selfplaytime Iteration": 30.598588856999413, "Trainingtime Iteration": 6.481233571001212, "Tournamenttime Iteration": 34.67170301399892, "Selfplaytime Iteration %": 22.636807839197836, "Traingtime Iteration %": 4.794810623240607, "Tournamenttime Iteration %": 25.650093939090084, "Selfplaytime": 87.59567757100012, "Selfplaytime %": 43.71331182995793, "Trainingtime": 13.746711460997176, "Trainingtime %": 6.860090604858428, "Tournamenttime": 99.04311533600412, "Tournamenttime %": 49.42598431051561, "Generation": 1, "loss": 1.0269026279449462, "pi_loss": 1.0025608539581299, "v_loss": 0.019665002822875977, "_runtime": 201, "_timestamp": 1614344653, "_step": 2}