{"Generation": 8, "Tournamenttime Iteration %": 2.0782647254014037, "Tournamenttime Iteration": 223.89808370000173, "Traingtime Iteration %": 6.011245404282067, "Overall Drawrate": 0.0, "Trainingtime": 11837.318889200007, "_timestamp": 1612114902.362756, "Trainingtime Iteration": 647.6106293000012, "Tournamenttime": 3542.305776099998, "Winrate": 0.5, "Overall Winrate": 0.45208333333333334, "Trainingtime %": 0.538730832822402, "Selfplaytime %": 0.3000309893338487, "Selfplaytime Iteration": 324.3106842999987, "Tournamenttime %": 0.16121466007062413, "_step": 23, "Selfplaytime": 6592.461914200001, "Draws": 0, "Losses": 10, "Selfplaytime Iteration %": 3.010313639640467, "_runtime": 21980.72916841507, "Wins": 10, "Time": 21972.603326200002}
