{"Tournamenttime Iteration": 11.184982199999993, "Generation": 0, "Selfplaytime %": 0.48366945261529154, "_runtime": 119.28710985183716, "Selfplaytime Iteration": 18.884900400000006, "Tournamenttime %": 0.27130696332293175, "Tournamenttime Iteration %": 14.651114140410062, "Tournamenttime": 30.67955009999997, "_step": 2, "Overall Winrate": 0.8333333333333334, "Time": 113.0805849, "Trainingtime": 27.686022899999998, "Trainingtime Iteration": 13.002294300000003, "Trainingtime %": 0.24483445079881255, "Wins": 1, "Draws": 0, "Selfplaytime": 54.69362460000001, "Selfplaytime Iteration %": 24.737172249650598, "Traingtime Iteration %": 17.031595980233508, "Losses": 1, "_timestamp": 1612265563.754059, "Overall Drawrate": 0.0, "Winrate": 0.5}
