{"Overall Winrate": 0.75, "Time": 84.833061, "_timestamp": 1612184300.6769679, "_step": 1, "Traingtime Iteration %": 19.382196486116595, "Generation": 0, "Overall Drawrate": 0.0, "Trainingtime %": 0.17682555625335733, "Winrate": 1.0, "Trainingtime Iteration": 9.066218999999997, "Trainingtime": 15.000653199999995, "Tournamenttime Iteration %": 38.091836311072804, "Selfplaytime": 34.3346154, "Tournamenttime": 35.4910153, "_runtime": 91.02013683319092, "Selfplaytime Iteration": 16.8839119, "Selfplaytime %": 0.40473153974722187, "Tournamenttime Iteration": 17.817842800000008, "Wins": 2, "Draws": 0, "Tournamenttime %": 0.41836301651310215, "Selfplaytime Iteration %": 36.09523417646125, "Losses": 0}
