{"Overall Winrate": 0.41842105263157897, "pi_loss": 0.5631939172744751, "Trainingtime Iteration": 579.2554163000004, "Tournamenttime %": 18.309408701790737, "Trainingtime %": 48.911390419731724, "Winrate": 0.65, "Selfplaytime": 3657.7185629000014, "Selfplaytime Iteration %": 4.382529410064795, "Selfplaytime %": 32.778704349538835, "v_loss": 0.24328623712062836, "Tournamenttime": 2043.1150471999972, "Overall Drawrate": 0.0, "Draws": 0, "Time": 11158.825937399999, "Tournamenttime Iteration": 149.60679639999944, "loss": 0.8064738481942649, "Trainingtime": 5457.936920500002, "Traingtime Iteration %": 9.816086808718753, "Tournamenttime Iteration %": 2.5352431057392697, "_timestamp": 1613374915.432708, "Selfplaytime Iteration": 258.61669190000066, "_step": 18, "_runtime": 11164.884574890137, "Generation": 9, "Losses": 7, "Wins": 13}
