{"Traingtime Iteration %": 11.010053991026785, "Overall Winrate": 0.25, "Selfplaytime Iteration %": 59.19595382209617, "Tournamenttime Iteration": 81.83565279999999, "Time": 274.6716798, "Trainingtime %": 0.11010053974993017, "Tournamenttime Iteration %": 29.793990038858006, "Selfplaytime %": 0.5919595373589004, "Selfplaytime": 162.59452050000002, "Trainingtime": 30.24150019999999, "Generation": 1, "Draws": 0, "Tournamenttime": 81.83565279999999, "Losses": 15, "_step": 0, "Winrate": 0.25, "Wins": 5, "_timestamp": 1612092831.4165847, "Selfplaytime Iteration": 162.59452050000002, "Overall Drawrate": 0.0, "_runtime": 283.407262802124, "Tournamenttime %": 0.2979398999546949, "Trainingtime Iteration": 30.24150019999999}
