{"Generation": 0, "Losses": 1, "Traingtime Iteration %": 16.199258973458534, "Selfplaytime %": 0.4804392928075265, "_runtime": 119.26062726974487, "Trainingtime": 27.2800546, "Selfplaytime": 54.33200949999997, "Overall Winrate": 0.6666666666666666, "Tournamenttime %": 0.27823300475545953, "Winrate": 0.5, "Selfplaytime Iteration %": 24.272994191664605, "Tournamenttime": 31.464866600000008, "Tournamenttime Iteration": 11.321109300000003, "Wins": 1, "_timestamp": 1612265958.1832647, "Time": 113.0881889, "Trainingtime Iteration": 12.406342899999999, "Tournamenttime Iteration %": 14.78224347785276, "Draws": 0, "Overall Drawrate": 0.0, "_step": 2, "Trainingtime %": 0.24122815004246653, "Selfplaytime Iteration": 18.589682999999994}
