{"Selfplaytime %": 0.46584047668005035, "Trainingtime Iteration": 15.816894600000012, "Trainingtime": 42.22891529999998, "Selfplaytime Iteration %": 22.903611944033393, "Selfplaytime": 72.5256669, "Tournamenttime %": 0.2628549816231204, "Tournamenttime Iteration %": 13.453124525811289, "Trainingtime %": 0.2712410498776601, "Tournamenttime": 40.92330700000002, "Generation": 0, "Wins": 1, "Losses": 1, "Draws": 0, "Overall Drawrate": 0.0, "Selfplaytime Iteration": 19.512699099999992, "Tournamenttime Iteration": 11.461369999999988, "_timestamp": 1612180819.234401, "Time": 155.6877741, "Traingtime Iteration %": 18.565551296697734, "Winrate": 0.5, "_step": 3, "Overall Winrate": 0.5, "_runtime": 162.0515615940094}
