{"Wins": 6, "Losses": 14, "Draws": 0, "Winrate": 0.3, "Overall Winrate": 0.32916666666666666, "Overall Drawrate": 0.0, "Time": 7323.880457555002, "Selfplaytime Iteration": 488.59381678099453, "Trainingtime Iteration": 99.20285736000369, "Tournamenttime Iteration": 72.7366339020009, "Selfplaytime Iteration %": 1.3384219187332018, "Traingtime Iteration %": 0.2717498137130683, "Tournamenttime Iteration %": 0.19924997362982869, "Selfplaytime": 5382.007498776991, "Selfplaytime %": 73.48573655684321, "Trainingtime": 1142.9489345960028, "Trainingtime %": 15.605783589995458, "Tournamenttime": 798.9086748790069, "Tournamenttime %": 10.908270274330963, "Generation": 10, "loss": 0.7028228337602369, "pi_loss": 0.3791030943393707, "v_loss": 0.32367002964019775, "_runtime": 7325, "_timestamp": 1614431955, "_step": 11}