{"Wins": 3, "Losses": 17, "Draws": 0, "Winrate": 0.15, "Overall Winrate": 0.4173076923076923, "Overall Drawrate": 0.0, "Time": 10754.222911872, "Selfplaytime Iteration": 374.6692538290008, "Trainingtime Iteration": 68.45613032999972, "Tournamenttime Iteration": 108.93929343699892, "Selfplaytime Iteration %": 4.11571423768648, "Traingtime Iteration %": 0.751985564272349, "Tournamenttime Iteration %": 1.196690137928411, "Selfplaytime": 7036.783147155997, "Selfplaytime %": 65.43274400038538, "Trainingtime": 1576.6107088500012, "Trainingtime %": 14.660387103465373, "Tournamenttime": 2140.803333674996, "Tournamenttime %": 19.906629713911553, "Generation": 15, "loss": 0.6163353085198042, "pi_loss": 0.3332081735134125, "v_loss": 0.283032089471817, "_runtime": 10756, "_timestamp": 1614406227, "_step": 25}