{"Losses": 11, "Trainingtime Iteration": 791.5472582000002, "Generation": 25, "Traingtime Iteration %": 3.686806253606188, "Wins": 9, "Overall Winrate": 0.4122222222222222, "v_loss": 0.31334400177001953, "_step": 44, "Selfplaytime %": 28.985244339476118, "Time": 42066.9312768, "Trainingtime %": 54.18712827567585, "Tournamenttime": 7078.551231600002, "Overall Drawrate": 0.0, "Selfplaytime Iteration %": 2.076737144513511, "_runtime": 42075.388065099716, "pi_loss": 0.427097350358963, "Trainingtime": 22794.862012600024, "Draws": 0, "Selfplaytime Iteration": 445.8698069999955, "Selfplaytime": 12193.20281669998, "_timestamp": 1612347618.9180257, "Tournamenttime Iteration %": 1.292422952106008, "Tournamenttime Iteration": 277.4796867000041, "Tournamenttime %": 16.82687806491803, "loss": 0.7405323234294631, "Winrate": 0.45}
