{"Tournamenttime Iteration %": 29.01371271370352, "_step": 1, "Selfplaytime": 314.1228283, "Losses": 11, "_runtime": 574.4830365180969, "Generation": 1, "v_loss": 0.268860787153244, "Winrate": 0.45, "Tournamenttime": 169.1419001, "Tournamenttime %": 29.799328180160547, "Trainingtime Iteration": 55.1575416, "Overall Winrate": 0.35, "Wins": 9, "Overall Drawrate": 0.0, "Selfplaytime Iteration": 153.76720089999998, "Trainingtime %": 14.857984567084742, "Time": 567.603065, "Draws": 0, "Trainingtime": 84.33437579999998, "loss": 1.2615520201231305, "Selfplaytime %": 55.341989441159896, "Tournamenttime Iteration": 86.61920839999999, "Selfplaytime Iteration %": 51.505404795444115, "_timestamp": 1612267833.4997594, "Traingtime Iteration %": 18.47540627000871, "pi_loss": 0.9926910996437073}
