{"_runtime": 90.6298348903656, "Selfplaytime %": 0.4002467976809259, "Overall Drawrate": 0.0, "Trainingtime Iteration": 8.421281300000004, "Overall Winrate": 0.5, "_step": 1, "Wins": 2, "Selfplaytime": 33.7877315, "Trainingtime %": 0.16990866503509322, "Trainingtime": 14.343221200000002, "_timestamp": 1612186093.0441442, "Tournamenttime": 36.261375900000004, "Losses": 0, "Generation": 1, "Traingtime Iteration %": 17.92236315037158, "Selfplaytime Iteration": 15.4856282, "Time": 84.41724380000001, "Winrate": 1.0, "Tournamenttime Iteration %": 42.596514091456065, "Tournamenttime Iteration": 20.015062999999998, "Tournamenttime %": 0.4295493937934041, "Draws": 0, "Selfplaytime Iteration %": 32.956867527039485}
