{"Traingtime Iteration %": 15.200652096351785, "Selfplaytime": 92.4678204, "_step": 4, "Tournamenttime Iteration": 11.828861900000021, "Generation": 0, "Selfplaytime %": 0.44800798773223566, "Overall Drawrate": 0.0, "Wins": 1, "Selfplaytime Iteration %": 16.190305776375165, "_runtime": 212.5922248363495, "Draws": 0, "Trainingtime Iteration": 18.94674329999998, "Tournamenttime %": 0.255239237040198, "Tournamenttime Iteration %": 9.490096086206606, "Overall Winrate": 0.7, "Tournamenttime": 52.68079270000001, "_timestamp": 1612179937.4058924, "Winrate": 0.5, "Losses": 1, "Selfplaytime Iteration": 20.180290000000014, "Time": 206.39770479999999, "Trainingtime %": 0.29669215633642054, "Trainingtime": 61.23658009999997}
