{"Selfplaytime": 35.5199653, "Losses": 1, "Tournamenttime Iteration %": 25.739250268565126, "Trainingtime": 14.83100559999999, "_runtime": 76.11931490898132, "Tournamenttime Iteration": 10.207067900000006, "Tournamenttime": 19.63148060000001, "Winrate": 0.5, "Tournamenttime %": 0.2804908231774632, "Overall Drawrate": 0.0, "Time": 69.9897429, "Selfplaytime %": 0.5075024400468259, "Draws": 0, "Trainingtime %": 0.21190255865334792, "Trainingtime Iteration": 9.033090999999999, "Wins": 1, "_timestamp": 1612265655.093415, "Traingtime Iteration %": 22.778822696743603, "Selfplaytime Iteration": 17.412819400000004, "_step": 1, "Selfplaytime Iteration %": 43.91005534683725, "Generation": 0, "Overall Winrate": 0.5}
