{"Wins": 10, "Losses": 10, "Draws": 0, "Winrate": 0.5, "Overall Winrate": 0.39, "Overall Drawrate": 0.0, "Time": 1274.9302386600002, "Selfplaytime Iteration": 122.54114052399973, "Trainingtime Iteration": 120.07645048899985, "Tournamenttime Iteration": 71.28936676100011, "Selfplaytime Iteration %": 16.08273708171611, "Traingtime Iteration %": 15.75926235599275, "Tournamenttime Iteration %": 9.356271187264236, "Selfplaytime": 593.8383151489998, "Selfplaytime %": 46.57810263980767, "Trainingtime": 356.03401058400004, "Trainingtime %": 27.92576407617449, "Tournamenttime": 325.0536854379998, "Tournamenttime %": 25.495801698110437, "Generation": 3, "loss": 0.9640113360725314, "pi_loss": 0.7426972389221191, "v_loss": 0.22165752947330475, "_runtime": 1276, "_timestamp": 1614271618, "_step": 4}