{"Trainingtime Iteration": 6.011592199999999, "Tournamenttime": 16.245168500000002, "_timestamp": 1612262643.7892084, "Selfplaytime %": 0.49695926123110684, "Overall Drawrate": 0.0, "Wins": 0, "Overall Winrate": 0.0, "_runtime": 52.99911189079285, "_step": 0, "Losses": 2, "Trainingtime": 6.011592199999999, "Traingtime Iteration %": 13.587219878212549, "Selfplaytime": 21.987695000000002, "Selfplaytime Iteration": 21.987695000000002, "Tournamenttime Iteration": 16.245168500000002, "Trainingtime %": 0.13587219663246572, "Draws": 0, "Tournamenttime Iteration %": 36.71684123352752, "Winrate": 0.0, "Generation": 1, "Tournamenttime %": 0.3671684065262342, "Selfplaytime Iteration %": 49.69592690935935, "Time": 44.2444617}
