{"_runtime": 898.2223353385925, "v_loss": 0.27058345079421997, "Selfplaytime": 388.2538339000001, "Selfplaytime %": 43.51800243763441, "Tournamenttime Iteration": 208.4976848, "Draws": 0, "Time": 892.1683261, "Overall Drawrate": 0.0, "Trainingtime %": 23.6616491108583, "Tournamenttime Iteration %": 33.71863040706404, "_step": 1, "Winrate": 0.25, "Losses": 15, "Traingtime Iteration %": 29.23928479482136, "Trainingtime Iteration": 180.799846, "Trainingtime": 211.10173880000002, "Tournamenttime": 292.80960719999996, "pi_loss": 0.9729397296905518, "Wins": 5, "Selfplaytime Iteration": 226.10418220000003, "_timestamp": 1612268825.4167087, "loss": 1.2435877028682132, "Tournamenttime %": 32.81999580504946, "Selfplaytime Iteration %": 36.5659856626536, "Generation": 2, "Overall Winrate": 0.25}
