{"Draws": 0, "_timestamp": 1612180258.4479654, "Tournamenttime": 14.779509199999996, "Overall Winrate": 1.0, "Wins": 2, "Selfplaytime Iteration": 17.9747399, "Trainingtime Iteration": 5.8472866, "Tournamenttime %": 0.3828735303884247, "Winrate": 1.0, "Selfplaytime %": 0.46564821809689605, "Trainingtime %": 0.15147805204078962, "Tournamenttime Iteration": 14.779509199999996, "Generation": 0, "Tournamenttime Iteration %": 38.287353435586745, "Selfplaytime Iteration %": 46.56482229220733, "Traingtime Iteration %": 15.147805361044764, "Overall Drawrate": 0.0, "Trainingtime": 5.8472866, "_step": 0, "Time": 38.601543400000004, "_runtime": 44.99531626701355, "Selfplaytime": 17.9747399, "Losses": 0}
