{"Wins": 9, "Losses": 11, "Draws": 0, "Winrate": 0.45, "Overall Winrate": 0.4, "Overall Drawrate": 0.0, "Time": 5752.5825791379975, "Selfplaytime Iteration": 284.4342241539998, "Trainingtime Iteration": 490.84133471800305, "Tournamenttime Iteration": 90.05176153299544, "Selfplaytime Iteration %": 0.6129396741062494, "Traingtime Iteration %": 1.0577353292655747, "Tournamenttime Iteration %": 0.19405645551585682, "Selfplaytime": 2448.2197469210078, "Selfplaytime %": 42.558619771919275, "Trainingtime": 2607.4457264979865, "Trainingtime %": 45.32652405467428, "Tournamenttime": 696.9078339199914, "Tournamenttime %": 12.11469499711937, "Generation": 5, "loss": 0.9230464654918087, "pi_loss": 0.6573783755302429, "v_loss": 0.26569217443466187, "_runtime": 5754, "_timestamp": 1614343133, "_step": 9}