{"Draws": 0, "Trainingtime %": 0.19909880535289273, "_runtime": 160.85209155082703, "Overall Winrate": 0.5, "Selfplaytime": 67.8084036, "Tournamenttime Iteration": 19.129169100000013, "_step": 2, "Traingtime Iteration %": 13.427285393998906, "_timestamp": 1612009721.2099938, "Winrate": 0.25, "Selfplaytime Iteration": 22.857454500000003, "Overall Drawrate": 0.0, "Trainingtime": 30.795567500000004, "Selfplaytime %": 0.4383933548114283, "Losses": 3, "Tournamenttime Iteration %": 18.377990480281255, "Time": 154.674798, "Selfplaytime Iteration %": 21.959870761164517, "Tournamenttime": 56.06489050000002, "Wins": 1, "Trainingtime Iteration": 13.976109799999989, "Tournamenttime %": 0.3624694599568833}
