{"Draws": 0, "_step": 0, "Wins": 2, "Tournamenttime Iteration": 17.693084400000004, "Traingtime Iteration %": 14.011361903530505, "Tournamenttime": 17.693084400000004, "Tournamenttime Iteration %": 43.103273972452506, "Selfplaytime Iteration": 17.603627799999998, "Trainingtime": 5.7514009, "_timestamp": 1612184368.8376637, "Overall Winrate": 1.0, "Generation": 0, "Trainingtime %": 0.14011361732860558, "Selfplaytime": 17.603627799999998, "Selfplaytime %": 0.42885342407002136, "_runtime": 47.13187861442566, "Selfplaytime Iteration %": 42.885342929381, "Trainingtime Iteration": 5.7514009, "Overall Drawrate": 0.0, "Losses": 0, "Tournamenttime %": 0.43103273447419066, "Time": 41.048122299999996, "Winrate": 1.0}
