{"Trainingtime Iteration": 315.86683989999983, "Winrate": 0.5, "Selfplaytime Iteration": 211.9642676000003, "Traingtime Iteration %": 12.001372995579251, "Tournamenttime %": 0.22337808015571528, "Selfplaytime Iteration %": 8.053590677665747, "Trainingtime": 1824.6838323000002, "Selfplaytime": 1881.0587901, "_timestamp": 1612014543.5534632, "Trainingtime %": 0.382399846850562, "Tournamenttime": 1065.8852892000004, "Wins": 10, "_runtime": 4777.789840936661, "Time": 4771.6646524, "_step": 10, "Losses": 10, "Tournamenttime Iteration %": 4.451321690516759, "Draws": 0, "Overall Drawrate": 0.0, "Overall Winrate": 0.42272727272727273, "Selfplaytime %": 0.3942143732070286, "Tournamenttime Iteration": 117.15533850000065}
