{"Tournamenttime": 80.9394838, "Winrate": 0.2, "_step": 0, "v_loss": 0.41678154468536377, "Tournamenttime Iteration %": 30.172409955424442, "_timestamp": 1613363528.5977795, "Traingtime Iteration %": 11.19770275631867, "Wins": 4, "Selfplaytime Iteration %": 58.629885349814444, "Generation": 1, "loss": 2.0164215564727783, "Draws": 0, "Overall Winrate": 0.2, "Losses": 16, "Trainingtime Iteration": 30.03857769999999, "Overall Drawrate": 0.0, "Selfplaytime": 157.2785423, "Tournamenttime Iteration": 80.9394838, "Trainingtime %": 11.197702735447416, "Selfplaytime %": 58.62988524053496, "Trainingtime": 30.03857769999999, "Selfplaytime Iteration": 157.2785423, "pi_loss": 1.5999313592910767, "Tournamenttime %": 30.17240989918648, "Time": 268.25660949999997, "_runtime": 274.44180631637573}
