{"_step": 13, "_timestamp": 1612266471.0557563, "v_loss": 0.4289076626300812, "loss": 2.332346990408487, "_runtime": 341.9945869445801, "pi_loss": 1.9036833047866821, "Traingtime Iteration %": 13.674664200330318, "Selfplaytime Iteration": 23.208225999999968, "Selfplaytime": 139.88056999999992, "Tournamenttime Iteration %": 7.230682170692166, "Losses": 1, "Selfplaytime %": 0.41652307614717843, "Draws": 0, "Trainingtime Iteration": 26.39022510000001, "Trainingtime %": 0.33690263807260495, "Overall Winrate": 0.7142857142857143, "Tournamenttime %": 0.24651890404000304, "Tournamenttime": 82.78822180000003, "Winrate": 0.5, "Generation": 0, "Overall Drawrate": 0.0, "Tournamenttime Iteration": 13.954224199999999, "Selfplaytime Iteration %": 12.02584275173063, "Wins": 1, "Time": 335.8291005, "Trainingtime": 113.14170989999997}
