{"graph": {"_type": "graph-file", "path": "media/graph/graph_summary_e20c24ae.graph.json", "sha256": "e20c24aee9d44ea0c70385fa43524692bb901c5dcec9afe87a0150db039276d1", "size": 4071}, "epoch": 3, "loss": 2.480512890491314, "pi_loss": 1.7922635078430176, "v_loss": 0.6885448694229126, "_timestamp": 1612264967.305716, "_runtime": 782.9989802837372, "_step": 124, "Trainingtime": 284.11759559999985, "Tournamenttime Iteration %": 6.440722893430902, "Generation": 1, "Overall Drawrate": 0.0, "Trainingtime %": 0.3996387569271194, "Selfplaytime Iteration %": 7.259667820314595, "Tournamenttime Iteration": 25.097926700000016, "Time": 710.9360408, "Selfplaytime": 241.35875090000013, "Tournamenttime": 185.42845060000002, "Overall Winrate": 0.6363636363636364, "Wins": 1, "Traingtime Iteration %": 12.482074250509676, "Draws": 0, "Losses": 1, "Tournamenttime %": 0.2608229713482266, "Winrate": 0.5, "Selfplaytime %": 0.33949432445203465, "Selfplaytime Iteration": 28.289155400000027, "Trainingtime Iteration": 48.63959990000001}
