{"Trainingtime %": 0.41401594735965813, "_runtime": 728.5121874809265, "v_loss": 0.17794793844223022, "Tournamenttime Iteration": 22.04329490000009, "Draws": 0, "Trainingtime Iteration": 41.477817699999946, "Tournamenttime %": 0.23935525620448106, "Traingtime Iteration %": 10.966007320483168, "Trainingtime": 298.96101399999986, "Overall Winrate": 0.4166666666666667, "Time": 722.1002377000001, "Selfplaytime %": 0.3464919810813684, "Generation": 5, "Losses": 0, "Tournamenttime Iteration %": 5.827860447946629, "Tournamenttime": 172.8384874000002, "Selfplaytime Iteration %": 6.124253433019747, "_step": 11, "Winrate": 1.0, "_timestamp": 1612267233.529407, "Wins": 2, "loss": 0.8152001521211728, "Selfplaytime Iteration": 23.164371500000016, "Selfplaytime": 250.20194190000007, "Overall Drawrate": 0.0, "pi_loss": 0.6398049592971802}
