{"graph": {"_type": "graph-file", "path": "media/graph/graph_summary_e20c24ae.graph.json", "sha256": "e20c24aee9d44ea0c70385fa43524692bb901c5dcec9afe87a0150db039276d1", "size": 4071}, "_runtime": 597.5632588863373, "loss": 0.9546393980781543, "v_loss": 0.27325281500816345, "pi_loss": 0.6819079518318176, "_step": 108, "_timestamp": 1612264092.368951, "epoch": 9, "Wins": 1, "Tournamenttime": 188.96399779999996, "Overall Winrate": 0.2222222222222222, "Trainingtime": 170.44255449999991, "Selfplaytime Iteration": 21.542915900000025, "Tournamenttime %": 0.35861389135696986, "Generation": 5, "Tournamenttime Iteration": 28.55024850000001, "Time": 526.9288289, "Trainingtime Iteration": 35.26588899999996, "Selfplaytime %": 0.3178759728323532, "Trainingtime %": 0.3234640906928748, "Traingtime Iteration %": 11.947681092277142, "Selfplaytime Iteration %": 7.298494275047119, "Overall Drawrate": 0.0, "Tournamenttime Iteration %": 9.672498662468547, "Draws": 0, "Winrate": 0.5, "Losses": 1, "Selfplaytime": 167.4980141000001}
