{"Selfplaytime Iteration %": 8.150575065361737, "_step": 7, "Selfplaytime %": 0.33345534755846706, "Overall Winrate": 0.375, "Wins": 0, "Trainingtime %": 0.3068305231066939, "Tournamenttime %": 0.3596631579281809, "Tournamenttime Iteration %": 9.345539232276284, "Losses": 2, "Draws": 0, "_runtime": 453.26464915275574, "Tournamenttime": 160.83774400000004, "Trainingtime Iteration": 27.06317409999997, "Trainingtime": 137.21152150000012, "_timestamp": 1612186586.0483391, "Generation": 3, "Selfplaytime": 149.11787500000008, "Tournamenttime Iteration": 21.549016499999993, "Winrate": 0.0, "Selfplaytime Iteration": 18.793658900000025, "Traingtime Iteration %": 11.736960491977591, "Overall Drawrate": 0.0, "Time": 447.18993439999997}
